id,H,T,MWDIR
201705211933.jpg,0.6,3.1,260
201710042033.jpg,0.88,4.34,27
201710281333.jpg,1.38,4.26,302
201710032233.jpg,0.51,2.72,256
201705251833.jpg,1.35,4.72,344
201708240034.jpg,0.76,4.3,33
201705291433.jpg,0.33,2.34,253
201705241333.jpg,1.08,3.62,42
201710251433.jpg,1.74,7.73,348
201710291833.jpg,0.91,5.94,10
201705261433.jpg,0.46,4.78,304
201706252034.jpg,0.69,3.68,280
201706212134.jpg,0.31,2.32,37
201706081734.jpg,0.16,2.9,42
201707160034.jpg,0.22,4.39,163
201710191534.jpg,0.51,3.37,298
201709061633.jpg,1.11,5.51,5
201711072033.jpg,1.15,4.73,84
201708132234.jpg,0.32,3.01,41
201704271333.jpg,1.38,3.92,254
201707081434.jpg,1.17,4.93,356
201707041834.jpg,0.3,3.68,359
201707222134.jpg,0.22,2.39,236
201706150034.jpg,0.33,2.29,248
201707011234.jpg,0.35,2.23,259
201708042034.jpg,2.01,5.35,337
201706191835.jpg,0.21,3.12,354
201711102233.jpg,1.05,6.58,351
201707241533.jpg,1.83,6.44,342
201705280033.jpg,0.18,2.06,6
201711081234.jpg,0.55,4.73,226
201707171434.jpg,0.8,5.02,353
201707141734.jpg,1.3,4.51,357
201707151334.jpg,0.65,4.52,76
201707141834.jpg,1.2,4.48,335
201705301233.jpg,0.32,2.25,262
201709072034.jpg,0.69,4.65,9
201709032134.jpg,0.31,2.93,5
201705311933.jpg,0.12,2.14,317
201709191933.jpg,0.46,4.11,189
201706121234.jpg,0.48,2.55,255
201710051934.jpg,0.4,4.36,227
201706161334.jpg,0.68,3.31,265
201705011434.jpg,0.71,5.9,318
201707090034.jpg,0.76,4.58,21
201709181233.jpg,0.71,4.52,40
201706191334.jpg,0.37,2.36,265
201706250034.jpg,0.95,3.73,356
201707192034.jpg,0.3,2.3,307
201705080033.jpg,1.23,5.78,360
201708031234.jpg,0.8,5.82,353
201708021634.jpg,0.19,2.21,251
201709170034.jpg,0.18,2.1,149
201705070033.jpg,1.65,6.65,17
201711101233.jpg,1.99,7.87,8
201708081334.jpg,0.65,4.54,271
201710251634.jpg,1.46,7.74,2
201707290034.jpg,2.35,5.57,4
201706112134.jpg,0.43,2.5,224
201710291534.jpg,0.99,4.72,291
201710251934.jpg,1.02,6.49,354
201709041334.jpg,0.74,3.1,231
201709021534.jpg,0.45,3.78,202
201705151833.jpg,0.28,2.12,134
201708140034.jpg,0.28,2.38,21
201705302233.jpg,0.39,3.19,305
201706081533.jpg,0.21,3.21,43
201709051834.jpg,1.37,5.13,318
201705111633.jpg,0.61,3.31,36
201705141333.jpg,0.23,2.32,7
201705142134.jpg,0.49,2.6,20
201706241434.jpg,0.89,4.23,356
201710172134.jpg,0.65,3.71,268
201706221234.jpg,0.42,3.05,268
201706261334.jpg,0.9,3.71,311
201706231634.jpg,0.49,2.72,336
201709082233.jpg,0.74,3.74,60
201706291334.jpg,0.45,2.58,244
201706231934.jpg,0.36,2.7,342
201710031233.jpg,0.48,2.54,193
201705051733.jpg,2.55,6.2,8
201709302234.jpg,0.76,5.15,27
201705202233.jpg,0.53,4.39,349
201706131433.jpg,0.29,3.92,326
201705051833.jpg,2.41,6.95,4
201706111333.jpg,0.58,2.99,250
201709101234.jpg,0.37,2.06,125
201709161434.jpg,0.29,2.06,188
201705272033.jpg,0.27,2.08,341
201707092034.jpg,0.2,2.06,94
201707231534.jpg,0.12,2.68,358
201707251334.jpg,0.65,5.13,125
201707281434.jpg,1.22,5.66,23
201707012234.jpg,0.17,2,166
201707022134.jpg,0.23,2.16,190
201707062034.jpg,0.12,2.05,70
201707201934.jpg,0.32,2.79,244
201711061433.jpg,1.79,6.55,16
201711041333.jpg,0.7,3.51,61
201708302134.jpg,0.3,3.3,333
201705170033.jpg,0.73,3.56,251
201706060133.jpg,1.62,5.59,11
201708111534.jpg,0.48,3.05,293
201707161233.jpg,0.49,3.69,252
201707101433.jpg,0.6,2.96,9
201705180033.jpg,1.58,3.83,230
201708161734.jpg,0.39,3.83,331
201706020033.jpg,0.16,2.87,336
201708131234.jpg,0.51,5.15,353
201708211234.jpg,0.42,2.36,200
201708201934.jpg,0.15,2.12,163
201705120034.jpg,0.45,2.96,9
201707171334.jpg,0.91,5.29,351
201707151434.jpg,0.58,4.72,29
201709271734.jpg,1.26,6.28,38
201706082233.jpg,0.11,2.52,82
201709231934.jpg,0.15,2.57,350
201709291334.jpg,1.24,3.93,317
201709052034.jpg,1.27,5.17,358
201710081934.jpg,0.25,2.42,12
201710292234.jpg,0.66,5.86,324
201710071934.jpg,0.99,3.45,285
201707040034.jpg,0.81,3.58,30
201710252134.jpg,0.91,6.62,341
201706101234.jpg,0.38,2.23,228
201710271433.jpg,1.57,5.16,309
201705221233.jpg,0.82,3.85,294
201705241433.jpg,1.11,3.82,359
201705261333.jpg,0.46,4.78,275
201709122234.jpg,0.76,3.19,37
201710251333.jpg,2,8.08,46
201705022233.jpg,1.02,4.18,345
201705291333.jpg,0.31,2.25,256
201705231933.jpg,0.15,2.48,277
201705052033.jpg,2.71,6.76,14
201707140034.jpg,0.3,2.94,294
201705141934.jpg,0.38,2.15,12
201706232134.jpg,0.27,3.15,350
201710161234.jpg,1.32,5.84,19
201706091434.jpg,0.39,2.75,248
201705151234.jpg,0.73,2.87,125
201705141634.jpg,0.26,2.04,330
201708301934.jpg,0.36,3.12,324
201708112234.jpg,0.55,3.03,337
201708301634.jpg,0.42,3.4,293
201708311234.jpg,1.57,5.59,19
201707061734.jpg,0.1,2.16,149
201707091834.jpg,0.25,2.43,303
201708292233.jpg,0.81,3.01,359
201707011534.jpg,0.31,2.53,330
201707021634.jpg,0.22,2.3,282
201707021934.jpg,0.22,2.3,287
201707081334.jpg,1.3,5.43,5
201709062133.jpg,1.44,5.41,348
201710192234.jpg,0.36,4.5,195
201706241334.jpg,0.89,4.34,334
201706082034.jpg,0.12,2.92,32
201709092133.jpg,0.54,2.74,42
201709271533.jpg,1.38,4.82,5
201706201234.jpg,0.61,3.32,286
201710162234.jpg,0.44,5.91,40
201706131333.jpg,0.31,3.69,350
201705252033.jpg,1.18,4.63,17
201710041833.jpg,0.92,3.2,336
201705222233.jpg,0.43,2.6,255
201709101534.jpg,0.38,2.02,125
201710292033.jpg,0.69,5.87,327
201705061333.jpg,1.27,4.17,22
201710041733.jpg,0.58,2.69,329
201708090034.jpg,0.29,4.22,93
201707042034.jpg,0.33,2.2,52
201708291233.jpg,0.16,3.64,37
201707221934.jpg,0.3,2.93,314
201707032234.jpg,0.6,2.46,38
201707221634.jpg,0.31,2.53,271
201708221333.jpg,1.25,4.03,352
201704262033.jpg,0.57,3.57,243
201708181434.jpg,1.08,4.76,332
201707132234.jpg,0.39,2.85,294
201711092134.jpg,2.45,5.6,346
201706280034.jpg,0.21,2.82,108
201707142034.jpg,1.27,4.56,7
201708152133.jpg,0.37,2.06,26
201708222134.jpg,0.72,4.06,333
201708292034.jpg,0.6,2.21,182
201708031534.jpg,0.8,5.95,346
201708041734.jpg,1.7,4.82,306
201710052134.jpg,0.36,4.2,124
201706301234.jpg,0.25,2.03,236
201707240034.jpg,0.34,2.3,48
201710261234.jpg,0.37,3.79,180
201705121233.jpg,0.22,3.03,25
201705141433.jpg,0.21,2.41,9
201709031934.jpg,0.33,3.06,353
201706081233.jpg,0.26,3.24,23
201708190034.jpg,0.63,4.93,36
201710151333.jpg,1.58,4.13,317
201709222234.jpg,0.11,2.81,128
201709071834.jpg,0.93,4.47,348
201709031634.jpg,0.39,2.95,306
201710312233.jpg,0.6,5.46,320
201706071233.jpg,0.85,4.93,65
201708160034.jpg,0.78,3.38,17
201706011433.jpg,0.12,2.1,321
201705312133.jpg,0.12,2.71,258
201706051533.jpg,0.41,2.17,27
201708081234.jpg,0.68,4.75,29
201708202034.jpg,0.19,2.09,255
201705070133.jpg,1.46,6.61,343
201708031334.jpg,0.76,6.35,4
201705080133.jpg,1.41,6.74,16
201708301233.jpg,0.52,3.66,349
201707192134.jpg,0.32,2.37,328
201706250134.jpg,1.11,3.83,280
201707122034.jpg,0.43,2.17,206
201707152234.jpg,0.27,4.48,136
201709272134.jpg,1.15,5.83,343
201705151633.jpg,0.36,2.12,154
201705121433.jpg,0.18,2.74,19
201705141233.jpg,0.24,2.21,16
201709051934.jpg,1.3,5.28,20
201706081433.jpg,0.22,3.45,45
201709232034.jpg,0.17,2.05,153
201710171233.jpg,0.74,3.6,264
201709041234.jpg,0.73,3.17,238
201709021434.jpg,0.43,4.33,8
201706071433.jpg,0.71,4.29,267
201710181233.jpg,0.52,2.16,217
201710211934.jpg,0.44,2.23,233
201710032134.jpg,0.55,2.83,252
201705032234.jpg,0.49,2.51,73
201710081233.jpg,0.69,3.91,269
201709101334.jpg,0.38,2.16,117
201708040134.jpg,0.64,2.53,195
201709121434.jpg,0.25,2.19,60
201705282133.jpg,0.25,2.59,26
201710071233.jpg,0.59,2.32,205
201705051633.jpg,2.58,5.95,6
201706231834.jpg,0.39,2.58,315
201706291234.jpg,0.48,2.91,241
201706271934.jpg,0.37,3.89,323
201706092234.jpg,0.28,2.12,52
201706261234.jpg,0.88,4.02,331
201710311934.jpg,0.89,4.92,327
201708131334.jpg,0.53,4.81,43
201706020133.jpg,0.15,2.38,354
201706060033.jpg,1.72,5.51,92
201708121734.jpg,1.28,5.75,58
201708111434.jpg,0.48,3.13,288
201708302034.jpg,0.33,3.17,5
201708121834.jpg,1.27,5.79,1
201708181234.jpg,1.2,4.32,93
201706090033.jpg,0.09,3.26,20
201707052234.jpg,0.12,2.64,327
201707281534.jpg,1.15,5.08,31
201708291433.jpg,0.18,3.49,18
201707211334.jpg,0.24,2.03,77
201706081934.jpg,0.13,2.94,12
201710191434.jpg,0.56,3.48,251
201706212034.jpg,0.32,2.33,31
201710161434.jpg,1.25,5.33,33
201706091234.jpg,0.41,2.31,235
201705201333.jpg,1.01,5.73,306
201705251633.jpg,1.43,5.56,344
201707232035.jpg,0.16,2.66,353
201709142234.jpg,0.08,2.11,183
201710251533.jpg,1.5,7.82,20
201705241233.jpg,0.92,3.47,19
201705291533.jpg,0.25,2.28,254
201709182134.jpg,0.55,4.22,37
201706140135.jpg,0.39,3.11,24
201705211833.jpg,0.54,3.11,281
201706110034.jpg,0.95,3.67,258
201707041634.jpg,0.37,3.55,28
201707222034.jpg,0.24,2.08,10
201707041934.jpg,0.29,3.08,119
201707252234.jpg,0.23,4.21,188
201708172234.jpg,1.04,3.66,292
201711082133.jpg,0.37,3.93,21
201704271233.jpg,1.17,3.05,203
201708182234.jpg,0.68,4.72,355
201708311434.jpg,1.71,6.44,358
201704291633.jpg,1.78,4.95,8
201711032033.jpg,1.23,5.71,331
201711072133.jpg,1.11,4.65,41
201707101834.jpg,0.27,4.13,159
201707141934.jpg,1.27,4.61,352
201708191433.jpg,0.7,4.18,116
201707131434.jpg,0.4,2.75,280
201707151234.jpg,0.64,4.74,277
201711081334.jpg,0.55,4.6,256
201708291934.jpg,0.41,2.06,20
201708082234.jpg,0.38,4.34,253
201708291634.jpg,0.22,2.17,36
201708281234.jpg,0.37,2.15,172
201708221834.jpg,1.16,4.01,295
201708072234.jpg,0.92,3.68,22
201706191234.jpg,0.37,2.39,255
201707090134.jpg,0.61,4.44,33
201709191733.jpg,0.36,4.31,153
201706181634.jpg,0.48,2.83,272
201706161234.jpg,0.71,3.36,285
201706131734.jpg,0.35,2.91,356
201706181934.jpg,0.59,3.35,309
201706121334.jpg,0.41,2.49,247
201706012233.jpg,0.19,2.14,330
201706022133.jpg,0.11,2.21,342
201709032034.jpg,0.3,2.96,326
201705182133.jpg,0.68,3.71,305
201705301333.jpg,0.34,2.21,259
201709191234.jpg,0.45,3.84,32
201705292233.jpg,0.71,3.69,290
201710031433.jpg,0.58,2.58,298
201705061233.jpg,1.31,5.15,325
201705031733.jpg,0.41,5.69,311
201705212033.jpg,0.61,3.33,264
201705252133.jpg,0.98,5.16,291
201706131233.jpg,0.3,3.49,334
201710252233.jpg,0.85,6.38,4
201706201334.jpg,0.55,3.25,274
201707300034.jpg,1.23,4.5,29
201706082134.jpg,0.11,2.82,42
201706241234.jpg,1,4.11,339
201706221434.jpg,0.47,2.74,259
201706291534.jpg,0.51,2.98,250
201708181534.jpg,0.99,4.31,345
201708141934.jpg,0.12,2.4,219
201711031733.jpg,1.52,6.56,354
201711071933.jpg,1.09,4.48,36
201706092135.jpg,0.2,2.16,43
201705290034.jpg,0.2,2.5,359
201708221233.jpg,1.18,3.91,277
201707211434.jpg,0.24,2.04,71
201707221734.jpg,0.37,2.14,319
201707221834.jpg,0.35,3.03,319
201707281234.jpg,1.07,5.32,12
201707072234.jpg,0.88,3.98,5
201708031434.jpg,0.77,5.96,352
201708051234.jpg,1.63,6.67,19
201708292134.jpg,0.64,2.78,40
201707142134.jpg,1.26,4.97,24
201711092034.jpg,2.09,5.05,341
201707182234.jpg,0.17,4.08,115
201706230034.jpg,0.63,2.95,234
201709081934.jpg,0.31,3.89,22
201708120034.jpg,0.64,3.62,6
201705312033.jpg,0.13,2.67,262
201709292234.jpg,1.91,6.79,2
201706071333.jpg,0.78,4.87,43
201709031734.jpg,0.36,2.88,320
201709081634.jpg,0.46,4.06,124
201709252134.jpg,0.09,2.23,314
201709031834.jpg,0.4,3.22,326
201705181933.jpg,0.68,3.99,273
201706081333.jpg,0.24,3.2,35
201705121333.jpg,0.21,2.89,33
201705141533.jpg,0.21,2.24,327
201709091234.jpg,0.72,6.34,32
201706132034.jpg,0.25,2.05,16
201707240134.jpg,0.36,2.57,31
201710012134.jpg,0.34,2,109
201707161634.jpg,1.02,5.49,316
201707171234.jpg,1.04,5.69,21
201707161934.jpg,1.27,5.9,358
201707191634.jpg,0.18,2.02,313
201707181234.jpg,0.27,3.47,52
201708191333.jpg,0.85,4.31,38
201708201834.jpg,0.18,2.23,187
201707241333.jpg,1.64,6.51,348
201706151634.jpg,0.21,2.12,265
201710252034.jpg,0.98,6.45,7
201706141234.jpg,0.24,3.41,6
201708050033.jpg,2.42,6.44,358
201707040134.jpg,1.09,3.89,14
201705011234.jpg,0.92,6.31,22
201709052134.jpg,1.45,5.5,344
201706042033.jpg,0.18,2.04,325
201709231834.jpg,0.13,2.49,243
201705301433.jpg,0.26,2.12,263
201707131835.jpg,0.42,2.77,264
201705152133.jpg,0.24,2.9,115
201705162233.jpg,0.85,3.35,251
201706242234.jpg,0.55,3.95,343
201705141734.jpg,0.27,2.32,354
201705151334.jpg,0.61,2.63,132
201710131634.jpg,0.35,2.21,250
201705052133.jpg,2.55,6.87,29
201710052233.jpg,0.46,4.21,332
201709192234.jpg,0.45,4.19,113
201710251233.jpg,1.91,7.9,2
201705201433.jpg,1.02,5.65,203
201705261233.jpg,0.5,5.06,280
201705221333.jpg,0.63,3.34,271
201705241533.jpg,1,3.93,32
201705281933.jpg,0.28,2.32,344
201710211333.jpg,0.37,2.07,193
201710271533.jpg,1.5,5.24,303
201707081234.jpg,1.45,5.4,12
201707021834.jpg,0.24,2.2,142
201707202034.jpg,0.31,2.55,35
201707011434.jpg,0.37,2.28,304
201707021734.jpg,0.23,2.38,297
201707091934.jpg,0.23,2.44,284
201708311334.jpg,1.74,6,349
201708192134.jpg,0.36,3.81,111
201711092233.jpg,2.24,6.05,351
201708122034.jpg,1.23,5.6,27
201708162134.jpg,0.38,3.45,354
201708152234.jpg,0.49,2.27,23
201704271533.jpg,1.66,4.42,274
201705310033.jpg,0.35,3.27,283
201706161634.jpg,0.52,3.77,304
201710212234.jpg,0.41,2.15,201
201706111434.jpg,0.58,2.83,236
201705212134.jpg,0.58,3.29,281
201710051334.jpg,0.41,3.72,324
201707080134.jpg,0.99,4.43,14
201709052234.jpg,1.39,4.9,334
201705301733.jpg,0.31,2.28,261
201709241934.jpg,0.19,2.12,142
201709022034.jpg,0.33,3.35,288
201709231434.jpg,0.06,2.02,277
201710152133.jpg,2.56,6.87,348
201707161534.jpg,0.81,4.25,335
201708111233.jpg,0.56,3.54,293
201707141234.jpg,0.64,3.07,19
201705150034.jpg,0.66,3.48,359
201711031634.jpg,1.71,6.6,354
201707281333.jpg,1.16,5.82,9
201706171935.jpg,0.33,2.47,240
201708261234.jpg,0.37,2.41,54
201707011834.jpg,0.2,2.58,320
201708051333.jpg,1.32,6.12,360
201707041234.jpg,0.51,4.24,313
201707021434.jpg,0.32,2.57,281
201707011734.jpg,0.22,2.55,302
201704291233.jpg,1.38,4.75,354
201711062133.jpg,1.4,5.95,85
201708192234.jpg,0.32,4.01,112
201704271933.jpg,1.37,4.37,261
201708301434.jpg,0.5,3.47,3
201704261233.jpg,0.41,2.08,183
201708112034.jpg,0.47,2.18,341
201706242134.jpg,0.58,3.85,274
201706272234.jpg,0.23,3.32,1
201709091333.jpg,0.72,6.27,291
201710131534.jpg,0.37,2.21,254
201706282234.jpg,0.69,2.77,239
201709041433.jpg,0.85,3.52,265
201705022033.jpg,1.17,4.6,349
201709122034.jpg,0.6,3.02,34
201710221333.jpg,0.58,2.55,186
201708191234.jpg,0.77,4.32,330
201706080033.jpg,0.63,3.54,9
201708181634.jpg,1.02,4.58,343
201708161234.jpg,0.52,4.41,181
201706070033.jpg,0.94,4.75,23
201707131233.jpg,0.36,2.89,287
201708121334.jpg,1.08,4.58,180
201704252133.jpg,0.33,2.91,164
201707241234.jpg,1.56,6.2,0
201707072134.jpg,0.68,3.78,354
201707042234.jpg,0.35,2.05,26
201710021333.jpg,0.44,2.32,185
201705292133.jpg,0.67,3.62,284
201705051233.jpg,1.73,4.85,357
201709151234.jpg,0.29,2.01,189
201705252233.jpg,0.97,5.13,357
201705262133.jpg,0.34,3.92,216
201708010034.jpg,0.27,2.05,66
201710262233.jpg,0.51,2.42,159
201704290034.jpg,0.37,2.76,21
201710162034.jpg,0.59,6.09,12
201705122234.jpg,0.37,2.36,18
201706271234.jpg,0.68,4.94,321
201710192034.jpg,0.37,3.83,14
201706291634.jpg,0.62,3.13,272
201710301634.jpg,1.95,4.93,316
201706281234.jpg,0.49,2.32,196
201706061433.jpg,0.84,4.84,5
201709011334.jpg,1.27,6.3,17
201710191233.jpg,0.7,3.5,267
201709051234.jpg,1.86,5.62,338
201709031434.jpg,0.43,3.11,305
201710312033.jpg,0.79,5.6,341
201710101433.jpg,1.11,5.61,18
201709222034.jpg,0.1,2.2,280
201709252234.jpg,0.1,2.26,83
201709262134.jpg,0.22,2.45,242
201706011933.jpg,0.16,2.07,291
201705111333.jpg,0.47,3.49,44
201705171533.jpg,0.57,2.77,248
201709112133.jpg,0.43,2.31,24
201710092034.jpg,0.12,2.1,283
201707230034.jpg,0.14,2.56,41
201709120034.jpg,0.49,2.95,13
201705060133.jpg,2.56,8.11,354
201708031834.jpg,0.79,6.7,347
201711111333.jpg,0.39,2.1,148
201707142234.jpg,1.25,5.16,10
201707311834.jpg,0.12,2.17,175
201707311734.jpg,0.1,2.06,30
201706200034.jpg,0.61,3.52,345
201707301334.jpg,0.51,4.39,197
201707041534.jpg,0.44,4.02,74
201707021334.jpg,0.32,2.44,289
201706120034.jpg,0.42,3.2,254
201707031734.jpg,0.23,2.02,8
201708232233.jpg,0.89,5.34,358
201707071934.jpg,0.4,4.88,298
201707091234.jpg,0.51,2.78,257
201708172134.jpg,0.8,3.6,272
201705300033.jpg,0.64,3.99,288
201711082233.jpg,0.36,4.33,112
201708182134.jpg,0.74,5.13,357
201708301334.jpg,0.46,3.55,354
201706292134.jpg,0.37,3.14,267
201710191734.jpg,0.51,3.2,312
201710191834.jpg,0.45,3.37,348
201706252234.jpg,0.55,3.33,285
201705291933.jpg,0.51,2.83,244
201705261633.jpg,0.42,4.83,197
201710201333.jpg,0.38,2.29,190
201705082233.jpg,0.57,5.02,335
201710221433.jpg,0.78,2.64,185
201705211433.jpg,0.4,2.65,254
201705261933.jpg,0.33,4.33,168
201710032033.jpg,0.55,2.8,289
201705281233.jpg,0.11,2.56,328
201708230034.jpg,1.34,4.4,335
201710072133.jpg,0.84,3.55,261
201706101834.jpg,0.59,3,245
201709191433.jpg,0.41,4.29,66
201707050134.jpg,0.34,3.08,0
201706151234.jpg,0.18,2.42,297
201710232234.jpg,1.89,5.57,7
201705172233.jpg,1.05,3.24,230
201705182233.jpg,0.56,3.77,251
201706022233.jpg,0.1,2.54,90
201706012133.jpg,0.17,2.28,214
201710301333.jpg,1.36,4.41,280
201709072234.jpg,0.73,5.08,21
201709221834.jpg,0.09,2.57,184
201709281234.jpg,0.98,5.28,353
201707141534.jpg,1.21,4.05,331
201708151433.jpg,0.24,2.59,285
201708291534.jpg,0.21,2.83,10
201709272234.jpg,1.26,6.02,13
201710101333.jpg,1.12,5.44,351
201705151533.jpg,0.45,2.28,147
201709081234.jpg,0.6,4.11,226
201709021834.jpg,0.41,3.95,105
201705111433.jpg,0.43,3.46,23
201705171233.jpg,0.35,2.64,272
201709282234.jpg,0.69,5.08,360
201709071234.jpg,1.21,5.47,88
201706061333.jpg,0.94,5.11,32
201708130034.jpg,1.1,5.61,359
201705181233.jpg,0.77,3.03,253
201709031334.jpg,0.39,3.26,279
201709301233.jpg,1.12,6.42,344
201710291734.jpg,1,5.76,32
201705032134.jpg,0.48,2.43,31
201709102233.jpg,0.34,2.07,39
201706172135.jpg,0.26,2.66,271
201708011734.jpg,0.09,2.4,19
201709140134.jpg,0.08,3.08,353
201706220034.jpg,0.33,2.5,71
201707192234.jpg,0.31,2.25,332
201711032134.jpg,1.2,6.27,18
201711082034.jpg,0.39,3.94,113
201711091633.jpg,1.51,4.48,314
201708121434.jpg,1.17,4.94,347
201708151934.jpg,0.2,2.23,321
201708191534.jpg,0.64,4.02,179
201711071233.jpg,0.9,4.25,34
201704282133.jpg,0.32,2.01,39
201711031333.jpg,2.1,6.49,9
201707291234.jpg,1.34,5.22,17
201708221933.jpg,1.27,4.31,335
201707231834.jpg,0.16,2.41,152
201707231734.jpg,0.13,3.03,16
201707261234.jpg,0.39,2.32,197
201708231233.jpg,1.29,5.62,11
201705272233.jpg,0.22,2.01,27
201705081233.jpg,0.84,4.36,23
201709121734.jpg,0.4,2.34,58
201705282233.jpg,0.25,2.66,5
201709161934.jpg,0.21,2.12,165
201705071233.jpg,1.33,6.61,36
201705051533.jpg,2.31,5.53,11
201709121834.jpg,0.43,2.51,51
201706241934.jpg,0.6,4.56,2
201709082033.jpg,0.4,2.26,34
201710102134.jpg,1.73,6.81,358
201706251234.jpg,1.23,4.9,0
201706231434.jpg,0.53,2.87,323
201707310034.jpg,0.34,2.7,32
201706211334.jpg,0.26,2.35,69
201707072034.jpg,0.49,4.06,203
201707291434.jpg,1.13,5.35,18
201707032134.jpg,0.41,2.29,15
201708231433.jpg,1.28,5.56,180
201707221534.jpg,0.33,2.22,262
201708171734.jpg,0.56,3.18,270
201708121234.jpg,1.1,4.67,334
201705190033.jpg,0.55,3.22,19
201708161334.jpg,0.53,4.29,64
201711071433.jpg,0.89,4.55,26
201709062233.jpg,1.38,4.92,28
201710192134.jpg,0.35,4.15,238
201706291734.jpg,0.6,3.26,267
201709271933.jpg,1.32,6.34,353
201706261834.jpg,0.44,3.79,334
201706271334.jpg,0.61,4.72,29
201709092233.jpg,0.6,2.8,38
201710301834.jpg,1.69,5.18,335
201706261734.jpg,0.51,4.09,41
201710162134.jpg,0.53,5.96,344
201709141734.jpg,0.06,2.35,151
201705262033.jpg,0.33,3.85,47
201705222133.jpg,0.34,2.47,269
201705051333.jpg,1.92,5.04,335
201705031533.jpg,0.36,4.43,180
201705292033.jpg,0.61,3.27,270
201710021233.jpg,0.54,2.54,200
201705071433.jpg,1.36,6.4,2
201710092134.jpg,0.12,2.07,183
201709112033.jpg,0.39,2.04,18
201707280034.jpg,1.83,5.26,4
201705111233.jpg,0.64,3.75,16
201705171433.jpg,0.42,2.47,238
201709222134.jpg,0.11,2.38,179
201710161333.jpg,1.24,6.7,84
201706041233.jpg,0.15,2.23,258
201705141833.jpg,0.29,2.3,4
201709051334.jpg,1.82,5.72,360
201705181433.jpg,1.3,4.04,260
201709031534.jpg,0.41,3.11,329
201705312233.jpg,0.13,2.87,270
201710191333.jpg,0.7,3.66,296
201709071434.jpg,1.18,5.35,307
201709011234.jpg,1.23,6.37,350
201706051633.jpg,0.78,3.04,22
201711052134.jpg,0.8,3.58,356
201707301234.jpg,0.56,4.63,57
201706200134.jpg,0.57,3.72,310
201706240034.jpg,0.18,3.3,6
201708301733.jpg,0.4,3.27,191
201707102234.jpg,0.12,3.08,318
201707132134.jpg,0.37,2.65,260
201711111233.jpg,0.4,2.13,161
201708031934.jpg,0.93,6.6,329
201708071834.jpg,0.4,3.29,325
201705060033.jpg,2.59,7.73,335
201708222234.jpg,0.96,3.51,339
201708031634.jpg,0.79,6.31,346
201707031333.jpg,0.16,2.02,273
201705090033.jpg,0.6,5.74,336
201705162033.jpg,0.59,2.68,241
201710152033.jpg,2.31,6.72,338
201709092034.jpg,0.55,5.02,270
201705122133.jpg,0.39,2.16,5
201705112233.jpg,0.44,2.82,22
201710301533.jpg,1.76,4.68,298
201709012234.jpg,0.93,5.42,34
201709022134.jpg,0.3,3.65,155
201709241834.jpg,0.18,2.33,50
201705301633.jpg,0.3,2.07,264
201709062034.jpg,1.51,5.59,14
201706181334.jpg,0.61,3.29,271
201707080034.jpg,0.97,4.11,349
201710292134.jpg,0.65,6.39,344
201710051234.jpg,0.44,3.81,329
201710222034.jpg,0.55,2.95,230
201706111534.jpg,0.48,3.06,244
201709161233.jpg,0.37,2.07,184
201707030134.jpg,0.52,2.61,132
201710262134.jpg,0.49,2.38,161
201708261334.jpg,0.36,2.34,169
201705260033.jpg,0.81,5.07,309
201706131935.jpg,0.27,2.13,43
201711071634.jpg,1.12,4.74,39
201711081934.jpg,0.4,3.79,4
201707151834.jpg,0.42,4.13,18
201705150134.jpg,0.74,3.61,350
201708151233.jpg,0.29,2.71,260
201708111333.jpg,0.54,3.15,295
201707101234.jpg,0.64,2.87,334
201707161434.jpg,0.58,3.18,355
201708112134.jpg,0.54,2.94,343
201708301534.jpg,0.47,3.45,12
201706081835.jpg,0.15,3.04,46
201711062033.jpg,1.43,5.49,17
201704291333.jpg,1.33,4.89,-1
201707041334.jpg,0.48,3.97,43
201707011634.jpg,0.27,2.6,302
201708222033.jpg,0.93,4.63,303
201707232134.jpg,0.18,2.33,163
201707272034.jpg,1.27,4.05,15
201707011934.jpg,0.23,2.49,62
201709162034.jpg,0.22,2.09,174
201710221233.jpg,0.61,2.6,182
201710261333.jpg,0.43,2.12,159
201705201933.jpg,0.99,3.67,270
201709021333.jpg,0.48,3.15,7
201707170034.jpg,1.92,6.21,22
201706232234.jpg,0.24,3.4,360
201707180034.jpg,0.38,5.08,277
201706242034.jpg,0.64,4.62,42
201710291934.jpg,0.79,6.44,356
201706112234.jpg,0.45,2.93,242
201706192034.jpg,0.19,3.35,360
201710291634.jpg,1.03,5.2,328
201707250034.jpg,1.21,6.01,10
201710042134.jpg,0.81,5.07,37
201705181333.jpg,1.13,3.61,251
201709031234.jpg,0.42,3.19,297
201708130134.jpg,1.03,5.51,341
201706061233.jpg,0.96,5.34,326
201709071334.jpg,1.27,5.47,12
201709021634.jpg,0.43,4.15,255
201705302133.jpg,0.39,3.08,282
201705111533.jpg,0.5,3.39,356
201705171333.jpg,0.41,2.2,185
201706081633.jpg,0.19,3.2,41
201709021934.jpg,0.36,3.98,80
201708180034.jpg,1.02,4.28,281
201709081334.jpg,0.52,4.01,126
201705151433.jpg,0.58,2.28,139
201710101233.jpg,1.21,5.44,359
201706290034.jpg,1.07,3.23,225
201706260034.jpg,0.59,3.29,249
201704261934.jpg,0.64,3.4,249
201706220134.jpg,0.29,2.25,52
201709140034.jpg,0.1,2.88,312
201708021534.jpg,0.24,2.28,268
201708011634.jpg,0.1,2.03,72
201705040033.jpg,0.49,2.97,67
201708231333.jpg,1.33,5.87,356
201707231634.jpg,0.12,2.96,26
201707261334.jpg,0.39,2.29,239
201707012134.jpg,0.19,2.11,111
201707231934.jpg,0.16,2.05,112
201707291334.jpg,1.16,5.63,360
201705100133.jpg,0.48,2.54,34
201708111934.jpg,0.36,2.69,331
201711031233.jpg,2.58,6.31,13
201711091833.jpg,1.24,4.29,302
201708302234.jpg,0.27,3.25,317
201711021633.jpg,0.23,2.35,303
201711071333.jpg,0.98,4.5,44
201708151834.jpg,0.22,2.43,315
201706050133.jpg,0.16,2.14,48
201708111634.jpg,0.41,3,297
201711091733.jpg,1.29,4.24,302
201711061833.jpg,1.37,6.15,30
201708151734.jpg,0.21,2.15,289
201708161434.jpg,0.48,4.34,218
201705142234.jpg,0.59,2.95,38
201706271434.jpg,0.58,4.69,258
201708300033.jpg,0.72,3.61,36
201706211234.jpg,0.23,3.22,346
201710172234.jpg,0.7,3.53,245
201706251334.jpg,1.14,4.56,305
201706231534.jpg,0.44,2.83,330
201710182234.jpg,0.63,3.29,245
201708080034.jpg,1.12,4.4,331
201709181334.jpg,0.65,4.14,12
201705051433.jpg,2.15,5.5,332
201705031233.jpg,0.3,4.27,167
201705071333.jpg,1.33,6.64,10
201709121634.jpg,0.34,2.18,31
201709171334.jpg,0.33,2.07,208
201705081333.jpg,0.85,4.66,14
201708311634.jpg,1.51,6.58,352
201711032233.jpg,1.16,5.82,358
201708182034.jpg,0.76,4.57,10
201704261433.jpg,0.43,2.18,181
201708172034.jpg,0.84,3.44,357
201706190034.jpg,0.43,3.47,303
201707071834.jpg,0.31,4.81,200
201707222234.jpg,0.18,2.07,40
201707041434.jpg,0.47,3.8,7
201707021234.jpg,0.33,2.3,297
201710291433.jpg,1.02,4.84,2
201705211533.jpg,0.43,2.83,263
201709142034.jpg,0.06,2.07,216
201710201233.jpg,0.36,2.18,179
201705291833.jpg,0.3,2.09,284
201710191934.jpg,0.4,3.91,89
201706212234.jpg,0.33,2.19,47
201710302034.jpg,2.03,5.1,325
201707150034.jpg,1.12,5.08,10
201710191634.jpg,0.53,3.28,298
201709282133.jpg,0.72,5.16,300
201709061533.jpg,1.33,4.89,342
201709221934.jpg,0.12,2.17,261
201706012033.jpg,0.15,2.17,301
201709032234.jpg,0.3,2.72,82
201705102133.jpg,0.18,2.03,41
201705142033.jpg,0.42,2.47,17
201706111234.jpg,0.62,2.91,246
201705272134.jpg,0.24,2.09,330
201706151334.jpg,0.29,2.09,221
201706131534.jpg,0.29,4.07,355
201707050034.jpg,0.35,2.31,355
201706181434.jpg,0.5,3.03,272
201706101934.jpg,0.69,3.2,260
201708211934.jpg,0.16,2.37,286
201711102133.jpg,1.06,6.51,0
201708201234.jpg,0.31,2.05,2
201707121234.jpg,0.48,2.77,16
201707141434.jpg,1.03,3.59,346
201707101534.jpg,0.52,2.77,348
201707161334.jpg,0.65,3.08,337
201705130034.jpg,0.32,2.75,14
201707131934.jpg,0.36,2.82,270
201711061534.jpg,1.64,6.64,353
